<beans   xmlns="http://www.springframework.org/schema/beans"
         xmlns:context="http://www.springframework.org/schema/context"
         xmlns:tx="http://www.springframework.org/schema/tx"
         xmlns:xsi="http://www.w3.org/2001/XMLSchema-instance"
         xsi:schemaLocation="http://www.springframework.org/schema/beans
         http://www.springframework.org/schema/beans/spring-beans.xsd
         http://www.springframework.org/schema/context
         http://www.springframework.org/schema/context/spring-context.xsd
         http://www.springframework.org/schema/tx
         http://www.springframework.org/schema/tx/spring-tx.xsd">

   <context:component-scan  base-package="com.cultuzz"/>
   
   <!-- HibernateTemplate -->
   <bean  id="ht"   class="org.springframework.orm.hibernate5.HibernateTemplate">
      <property   name="sessionFactory"   ref="sessionFactory"/>
   </bean>         
   
   <bean  id="sessionFactory"   class="org.springframework.orm.hibernate5.LocalSessionFactoryBean">
        <property  name="dataSource"   ref="ds"/>
        <property  name="annotatedClasses">
           <list>
               <value>com.cultuzz.entity.Customer</value>
           </list>
        </property>
        <property  name="hibernateProperties">
          <value>
             hibernate.dialect=org.hibernate.dialect.Oracle10gDialect
             hibernate.hbm2ddl.auto=update
          </value>
        </property>
    
   </bean>
   
   <bean  id="ds"    class="org.springframework.jdbc.datasource.DriverManagerDataSource">
      <property   name="driverClassName"  value="com.mysql.cj.jdbc.Driver"/>
      <property   name="url"   value="jdbc:mysql://localhost:3306/satya"/>
      <property   name="username"  value="root"/>
      <property   name="password"  value="123456"/>
   </bean>
    
   <bean  id="txm"   class="org.springframework.orm.hibernate5.HibernateTransactionManager">
      <property   name="sessionFactory"   ref="sessionFactory"/>
   </bean>
   
   <tx:annotation-driven  transaction-manager="txm"/>
         
</beans>  







